{"cameraMode":{"drawMode":0,"name":"Shaded","section":"Shading Mode"},"sceneLighting":true,"audioPlay":false,"sceneViewState":{"showFog":true,"showMaterialUpdate":true,"showSkybox":true,"showFlares":true,"showImageEffects":true,"showParticleSystems":true},"in2DMode":false,"pivot":{"x":-0.06874289363622666,"y":0.19567936658859254,"z":0.7220285534858704},"rotation":{"x":0.4506843686103821,"y":0.06550788134336472,"z":-0.033185094594955447,"w":0.8896578550338745},"size":12.344447135925293,"orthographic":false}